Month,Labor costs (Private),Labor costs (Govt),Refinery Util (Private),Refinery Util (Govt),HME (Median),HME (25th Percentile),HME (75th percentile),IE (Median),IE (25th Percentile),IE (75th Percentile),Automobile Sales,Employee Earnings,U.S. Demographics (in millions),Personal consumption expenditures,BEV Sales (U.S.),EV Regulations (total),Regular Gasoline Prices (dollars per gallon),Crude oil prices (U.S.) (Dollars per barrel),Consumer loans (Dollars),U.S. Crude Oil and Natural Gas Rotary Rigs in Operation (Count),US Dollar Index,Federal Funds Effective Rate,US GDP (in billions),Consumer Credit Data,US Spot Market,Implied Gasoline Demand
Jan 1990,NaN,NaN,NaN,NaN,NaN,NaN,NaN,NaN,NaN,NaN,NaN,NaN,NaN,3730.7,NaN,NaN,NaN,NaN,NaN,998,NaN,8.242,5872.701,813.793,22.86,NaN
Feb 1990,NaN,NaN,NaN,NaN,NaN,NaN,NaN,NaN,NaN,NaN,NaN,NaN,NaN,3728.2,NaN,NaN,NaN,NaN,NaN,911,NaN,8.2375,,,22.11,NaN
Mar 1990,NaN,NaN,NaN,NaN,NaN,NaN,NaN,NaN,NaN,NaN,NaN,NaN,NaN,3754.9,NaN,NaN,NaN,NaN,NaN,905,NaN,8.27,,,20.39,NaN
Apr 1990,NaN,NaN,NaN,NaN,NaN,NaN,NaN,NaN,NaN,NaN,NaN,NaN,248.79,3770,NaN,NaN,NaN,NaN,NaN,935,NaN,8.2725,5960.028,818.31,18.43,NaN
May 1990,NaN,NaN,NaN,NaN,NaN,NaN,NaN,NaN,NaN,NaN,NaN,NaN,249.05,3775.8,NaN,NaN,NaN,NaN,NaN,961,NaN,8.178,,,18.2,NaN
Jun 1990,NaN,NaN,NaN,NaN,NaN,NaN,NaN,NaN,NaN,NaN,NaN,NaN,249.34,3804.5,NaN,NaN,NaN,NaN,NaN,999,NaN,8.28,,,16.7,NaN
Jul 1990,NaN,NaN,NaN,NaN,NaN,NaN,NaN,NaN,NaN,NaN,NaN,NaN,249.62,3821.7,NaN,NaN,NaN,NaN,NaN,1010,NaN,8.2,6015.116,826.225,18.45,NaN
Aug 1990,NaN,NaN,NaN,NaN,NaN,NaN,NaN,NaN,NaN,NaN,NaN,NaN,249.92,3848.3,NaN,NaN,1.191,NaN,NaN,987,NaN,8.122,,,27.31,NaN
Sep 1990,NaN,NaN,NaN,NaN,NaN,NaN,NaN,NaN,NaN,NaN,NaN,NaN,250.23,3870.1,NaN,NaN,1.191,1.258,NaN,1042,NaN,8.2025,,,33.51,NaN
Oct 1990,NaN,NaN,NaN,NaN,NaN,NaN,NaN,NaN,NaN,NaN,NaN,NaN,250.53,3870.6,NaN,NaN,1.191,1.335,NaN,1073,NaN,8.11,6004.733,824.391,36.04,NaN
Nov 1990,NaN,NaN,NaN,NaN,NaN,NaN,NaN,NaN,NaN,NaN,NaN,NaN,250.77,3871.9,NaN,NaN,1.191,1.324,NaN,1137,NaN,7.8175,,,32.33,NaN
Dec 1990,NaN,NaN,NaN,NaN,NaN,NaN,NaN,NaN,NaN,NaN,NaN,NaN,251,3861.3,NaN,NaN,1.191,NaN,NaN,1136,NaN,7.325,,,27.28,NaN
Jan 1991,NaN,NaN,NaN,NaN,NaN,NaN,NaN,NaN,NaN,NaN,NaN,NaN,251.21,3841,NaN,NaN,1.191,NaN,NaN,1068,NaN,6.936,6035.178,824.86,25.23,NaN
Feb 1991,NaN,NaN,NaN,NaN,NaN,NaN,NaN,NaN,NaN,NaN,NaN,NaN,251.45,3866.7,NaN,NaN,1.191,1.094,NaN,984,NaN,6.295,,,20.48,6545.333333
Mar 1991,NaN,NaN,NaN,NaN,NaN,NaN,NaN,NaN,NaN,NaN,NaN,NaN,251.68,3913,NaN,NaN,1.191,1.04,NaN,929,NaN,6.21,,,19.9,7030.2
Apr 1991,NaN,NaN,NaN,NaN,NaN,NaN,NaN,NaN,NaN,NaN,NaN,NaN,251.96,3907.1,NaN,NaN,1.191,1.076,NaN,865,NaN,5.8775,6126.862,822.851,20.83,7105
May 1991,NaN,NaN,NaN,NaN,NaN,NaN,NaN,NaN,NaN,NaN,NaN,NaN,252.29,3933.2,NaN,NaN,1.191,1.126,NaN,819,NaN,5.8,,,21.23,7148.6
Jun 1991,NaN,NaN,NaN,NaN,NaN,NaN,NaN,NaN,NaN,NaN,NaN,NaN,252.68,3940.5,NaN,NaN,1.191,1.128,NaN,867,NaN,5.8075,,,20.19,7533.5
Jul 1991,NaN,NaN,NaN,NaN,NaN,NaN,NaN,NaN,NaN,NaN,NaN,NaN,252.98,3966,NaN,NaN,1.191,1.096,NaN,844,NaN,5.795,6205.937,818.093,21.4,7542.25
Aug 1991,NaN,NaN,NaN,NaN,NaN,NaN,NaN,NaN,NaN,NaN,NaN,NaN,253.31,3969.1,NaN,NaN,1.191,1.115,NaN,803,NaN,5.6775,,,21.69,7504.4
Sep 1991,NaN,NaN,NaN,NaN,NaN,NaN,NaN,NaN,NaN,NaN,NaN,NaN,253.65,3984.7,NaN,NaN,1.191,1.109,NaN,775,NaN,5.4725,,,21.89,7218.5
Oct 1991,NaN,NaN,NaN,NaN,NaN,NaN,NaN,NaN,NaN,NaN,NaN,NaN,253.97,3976,NaN,NaN,1.191,1.088,NaN,795,NaN,5.228,6264.54,815.581,23.23,7318
Nov 1991,NaN,NaN,NaN,NaN,NaN,NaN,NaN,NaN,NaN,NaN,NaN,NaN,254.27,4003.6,NaN,NaN,1.191,1.099,NaN,808,NaN,4.84,,,22.46,7065.6
Dec 1991,NaN,NaN,NaN,NaN,NaN,NaN,NaN,NaN,NaN,NaN,NaN,NaN,254.53,4020.5,NaN,NaN,1.191,1.076,NaN,796,NaN,4.51,,,19.5,7201.25
Jan 1992,NaN,NaN,NaN,NaN,NaN,NaN,NaN,NaN,NaN,NaN,NaN,NaN,254.78,4084.7,NaN,NaN,1.191,1.022,NaN,710,NaN,4.054,6363.102,817.269,18.79,6872.4
Feb 1992,NaN,NaN,NaN,NaN,NaN,NaN,NaN,NaN,NaN,NaN,NaN,NaN,255.03,4099.5,NaN,NaN,1.191,1.006,NaN,669,NaN,4.065,,,19.01,6846.75
Mar 1992,NaN,NaN,NaN,NaN,NaN,NaN,NaN,NaN,NaN,NaN,NaN,NaN,255.29,4117,NaN,NaN,1.191,1.013,NaN,648,NaN,4.0025,,,18.92,7102
Apr 1992,NaN,NaN,NaN,NaN,NaN,NaN,NaN,NaN,NaN,NaN,NaN,NaN,255.59,4131.5,NaN,NaN,1.191,1.052,NaN,642,NaN,3.768,6470.763,815.377,20.23,7152.75
May 1992,NaN,NaN,NaN,NaN,NaN,NaN,NaN,NaN,NaN,NaN,NaN,NaN,255.89,4158.4,NaN,NaN,1.191,1.107,NaN,638,NaN,2.99,,,20.98,7450.2
Jun 1992,NaN,NaN,NaN,NaN,NaN,NaN,NaN,NaN,NaN,NaN,NaN,NaN,256.2,4177.1,NaN,NaN,1.191,1.145,NaN,621,NaN,3.7475,,,22.39,7335.25
Jul 1992,NaN,NaN,NaN,NaN,NaN,NaN,NaN,NaN,NaN,NaN,NaN,NaN,256.51,4204.8,NaN,NaN,1.191,1.137,NaN,676,NaN,3.23,6566.641,818.575,21.78,7606.4
Aug 1992,NaN,NaN,NaN,NaN,NaN,NaN,NaN,NaN,NaN,NaN,NaN,NaN,256.86,4220.9,NaN,NaN,1.191,1.122,NaN,686,NaN,3.2925,,,21.34,7668.75
Sep 1992,NaN,NaN,NaN,NaN,NaN,NaN,NaN,NaN,NaN,NaN,NaN,NaN,257.19,4255.3,NaN,NaN,1.191,1.122,NaN,717,NaN,3.236,,,21.88,7316.5
Oct 1992,NaN,NaN,NaN,NaN,NaN,NaN,NaN,NaN,NaN,NaN,NaN,NaN,257.5,4284.7,NaN,NaN,1.191,1.114,NaN,803,NaN,3.1025,6680.803,824.769,21.69,7359.2
Nov 1992,NaN,NaN,NaN,NaN,NaN,NaN,NaN,NaN,NaN,NaN,NaN,NaN,257.8,4300.5,NaN,NaN,1.191,1.111,NaN,882,NaN,3.0125,,,20.34,7089.25
Dec 1992,NaN,NaN,NaN,NaN,NaN,NaN,NaN,NaN,NaN,NaN,NaN,NaN,258.06,4336.4,NaN,NaN,1.191,1.078,NaN,926,NaN,3.008,,,19.41,7445.5
Jan 1993,NaN,NaN,NaN,NaN,NaN,NaN,NaN,NaN,NaN,NaN,NaN,NaN,258.33,4340.7,NaN,2483,1.191,1.062,NaN,824,NaN,3.0125,6729.459,832.774,19.03,6934
Feb 1993,NaN,NaN,NaN,NaN,NaN,NaN,NaN,NaN,NaN,NaN,NaN,NaN,258.57,4355.3,NaN,,1.191,1.054,NaN,684,NaN,3.01,,,20.09,7096.75
Mar 1993,NaN,NaN,NaN,NaN,NaN,NaN,NaN,NaN,NaN,NaN,NaN,NaN,258.81,4352.5,NaN,,1.191,1.052,NaN,611,NaN,3.082,,,20.32,7180.25
Apr 1993,NaN,NaN,NaN,NaN,NaN,NaN,NaN,NaN,NaN,NaN,NaN,NaN,259.07,4393.4,NaN,,1.191,1.078,NaN,612,NaN,2.955,6808.939,843.397,20.25,7236.8
May 1993,NaN,NaN,NaN,NaN,NaN,NaN,NaN,NaN,NaN,NaN,NaN,NaN,259.34,4422.4,NaN,,1.191,1.1,NaN,637,NaN,2.99,,,19.95,7491.25
Jun 1993,NaN,NaN,NaN,NaN,NaN,NaN,NaN,NaN,NaN,NaN,NaN,NaN,259.62,4440,NaN,,1.191,1.097,NaN,695,NaN,3.038,,,19.09,7488.5
Jul 1993,NaN,NaN,NaN,NaN,NaN,NaN,NaN,NaN,NaN,NaN,NaN,NaN,259.92,4468.9,NaN,,1.191,1.078,NaN,741,NaN,3.0575,6882.098,860.654,17.89,7762.2
Aug 1993,NaN,NaN,NaN,NaN,NaN,NaN,NaN,NaN,NaN,NaN,NaN,NaN,260.23,4481.1,NaN,,1.191,1.062,NaN,797,NaN,3.03,,,18.01,7857.5
Sep 1993,NaN,NaN,NaN,NaN,NaN,NaN,NaN,NaN,NaN,NaN,NaN,NaN,260.54,4511.5,NaN,,1.191,1.05,NaN,848,NaN,3.054,,,17.5,7559.5
Oct 1993,NaN,NaN,NaN,NaN,NaN,NaN,NaN,NaN,NaN,NaN,NaN,NaN,260.84,4532.8,NaN,,1.191,1.092,NaN,860,NaN,3.0225,7013.738,886.169,18.15,7553.6
Nov 1993,NaN,NaN,NaN,NaN,NaN,NaN,NaN,NaN,NaN,NaN,NaN,NaN,261.1,4554.1,NaN,,1.191,1.066,NaN,868,NaN,3.0025,,,16.61,7507.25
Dec 1993,NaN,NaN,NaN,NaN,NaN,NaN,NaN,NaN,NaN,NaN,NaN,NaN,261.35,4571.1,NaN,,1.191,1.014,NaN,857,NaN,2.986,,,14.52,7633.2
Jan 1994,NaN,NaN,NaN,NaN,NaN,NaN,NaN,NaN,NaN,NaN,NaN,NaN,261.6,4585.1,NaN,4321,1.191,0.998,NaN,789,NaN,3.02,7115.652,912.689,15.03,6931.5
Feb 1994,NaN,NaN,NaN,NaN,NaN,NaN,NaN,NaN,NaN,NaN,NaN,NaN,261.81,4632.6,NaN,,1.191,1.009,NaN,754,NaN,3.2175,,,14.78,7201.25
Mar 1994,NaN,NaN,NaN,NaN,NaN,NaN,NaN,NaN,NaN,NaN,NaN,NaN,262.04,4646,NaN,,1.191,1.008,NaN,735,NaN,3.304,,,14.68,7375.5
Apr 1994,NaN,NaN,NaN,NaN,NaN,NaN,NaN,NaN,NaN,NaN,NaN,NaN,262.32,4671.1,NaN,,1.191,1.027,NaN,723,NaN,3.56,7246.931,946.409,16.42,7447.8
May 1994,NaN,NaN,NaN,NaN,NaN,NaN,NaN,NaN,NaN,NaN,NaN,NaN,262.57,4669.5,NaN,,1.191,1.047,NaN,716,NaN,3.925,,,17.89,7585.5
Jun 1994,NaN,NaN,NaN,NaN,NaN,NaN,NaN,NaN,NaN,NaN,NaN,NaN,262.84,4708.9,NaN,,1.191,1.078,NaN,756,NaN,4.18,,,19.06,7697.5
Jul 1994,NaN,NaN,NaN,NaN,NaN,NaN,NaN,NaN,NaN,NaN,NaN,NaN,263.13,4720.6,NaN,,1.191,1.106,NaN,771,NaN,4.315,7331.075,980.405,19.66,7720.4
Aug 1994,NaN,NaN,NaN,NaN,NaN,NaN,NaN,NaN,NaN,NaN,NaN,NaN,263.42,4762.6,NaN,,1.191,1.155,NaN,766,NaN,4.454,,,18.38,7852.75
Sep 1994,NaN,NaN,NaN,NaN,NaN,NaN,NaN,NaN,NaN,NaN,NaN,NaN,263.72,4775,NaN,,1.191,1.144,NaN,809,NaN,4.7075,,,17.45,7622.6
Oct 1994,NaN,NaN,NaN,NaN,NaN,NaN,NaN,NaN,NaN,NaN,NaN,NaN,264,4812.9,NaN,,1.191,1.114,NaN,822,NaN,4.7825,7455.288,1021.168,17.72,7856
Nov 1994,NaN,NaN,NaN,NaN,NaN,NaN,NaN,NaN,NaN,NaN,NaN,NaN,264.26,4825.6,NaN,,1.191,1.116,NaN,835,NaN,5.222,,,18.07,7542.25
Dec 1994,NaN,NaN,NaN,NaN,NaN,NaN,NaN,NaN,NaN,NaN,NaN,NaN,264.51,4841.6,NaN,,1.191,1.091,NaN,816,NaN,5.49,,,17.16,7950.2
Jan 1995,NaN,NaN,NaN,NaN,NaN,NaN,NaN,NaN,NaN,NaN,NaN,NaN,264.75,4851.2,NaN,5442,1.1478,1.082,NaN,748,NaN,5.45,7522.289,1058.385,18.04,7226
Feb 1995,NaN,NaN,NaN,NaN,NaN,NaN,NaN,NaN,NaN,NaN,NaN,NaN,264.98,4850.8,NaN,,1.0725,1.073,NaN,713,NaN,5.8625,,,18.57,7366.75
Mar 1995,NaN,NaN,NaN,NaN,NaN,NaN,NaN,NaN,NaN,NaN,NaN,NaN,265.21,4885.4,NaN,,1.072,1.072,NaN,665,NaN,5.956,,,18.54,7713.6
Apr 1995,NaN,NaN,NaN,NaN,NaN,NaN,NaN,NaN,NaN,NaN,NaN,NaN,265.47,4890.2,NaN,,1.11125,1.111,NaN,678,NaN,6.06,7580.997,1095.019,19.9,7754.5
May 1995,NaN,NaN,NaN,NaN,NaN,NaN,NaN,NaN,NaN,NaN,NaN,NaN,265.72,4933.1,NaN,,1.1784,1.178,NaN,679,NaN,6.0075,,,19.74,7892.75
Jun 1995,NaN,NaN,NaN,NaN,NaN,NaN,NaN,NaN,NaN,NaN,NaN,NaN,265.99,4977.5,NaN,,1.1915,1.192,NaN,674,NaN,6,,,18.45,8242.6
Jul 1995,NaN,NaN,NaN,NaN,NaN,NaN,NaN,NaN,NaN,NaN,NaN,NaN,266.28,4970.2,NaN,,1.1538,1.154,NaN,723,NaN,5.8725,7683.125,1133.141,17.33,8139.5
Aug 1995,NaN,NaN,NaN,NaN,NaN,NaN,NaN,NaN,NaN,NaN,NaN,NaN,266.57,5005.3,NaN,,1.12325,1.123,NaN,745,NaN,5.742,,,18.02,8161.75
Sep 1995,NaN,NaN,NaN,NaN,NaN,NaN,NaN,NaN,NaN,NaN,NaN,NaN,266.88,5020.5,NaN,,1.11075,1.111,NaN,765,NaN,5.77,,,18.23,7846
Oct 1995,NaN,NaN,NaN,NaN,NaN,NaN,NaN,NaN,NaN,NaN,NaN,NaN,267.18,5013.9,NaN,,1.0872,1.087,NaN,761,NaN,5.7975,7772.586,1168.16,17.43,7950
Nov 1995,NaN,NaN,NaN,NaN,NaN,NaN,NaN,NaN,NaN,NaN,NaN,NaN,267.44,5055.6,NaN,,1.06225,1.062,NaN,772,NaN,5.786,,,17.99,7946.75
Dec 1995,NaN,NaN,NaN,NaN,NaN,NaN,NaN,NaN,NaN,NaN,NaN,NaN,267.67,5097.5,NaN,,1.07125,1.071,NaN,763,NaN,5.715,,,19.03,7605.4
Jan 1996,NaN,NaN,NaN,NaN,NaN,NaN,NaN,NaN,NaN,NaN,NaN,NaN,267.88,5085.7,NaN,4631,1.0904,1.09,NaN,709,NaN,5.492,7868.468,1197.356,18.86,7453.25
Feb 1996,NaN,NaN,NaN,NaN,NaN,NaN,NaN,NaN,NaN,NaN,NaN,NaN,268.09,5132.8,NaN,,1.08925,1.089,NaN,700,NaN,5.195,,,19.09,7681.75
Mar 1996,NaN,NaN,NaN,NaN,NaN,NaN,NaN,NaN,NaN,NaN,NaN,NaN,268.32,5173.3,NaN,,1.137,1.137,NaN,714,NaN,5.3475,,,21.33,7688
Apr 1996,NaN,NaN,NaN,NaN,NaN,NaN,NaN,NaN,NaN,NaN,NaN,NaN,268.58,5208,NaN,,1.2306,1.231,NaN,741,NaN,5.215,8032.84,1224.879,23.5,7649
May 1996,NaN,NaN,NaN,NaN,NaN,NaN,NaN,NaN,NaN,NaN,NaN,NaN,268.84,5223.8,NaN,,1.278,1.279,NaN,764,NaN,5.238,,,21.17,7857.4
Jun 1996,NaN,NaN,NaN,NaN,NaN,NaN,NaN,NaN,NaN,NaN,NaN,NaN,269.11,5229.8,NaN,,1.2585,1.256,NaN,774,NaN,5.515,,,20.42,8105.5
Jul 1996,NaN,NaN,NaN,NaN,NaN,NaN,NaN,NaN,NaN,NaN,NaN,NaN,269.39,5251.9,NaN,,1.2276,1.227,NaN,784,NaN,5.36,8131.408,1247.457,21.3,8050.5
Aug 1996,NaN,NaN,NaN,NaN,NaN,NaN,NaN,NaN,NaN,NaN,NaN,NaN,269.7,5275,NaN,,1.206,1.207,NaN,811,NaN,5.2175,,,21.9,8110.4
Sep 1996,NaN,NaN,NaN,NaN,NaN,NaN,NaN,NaN,NaN,NaN,NaN,NaN,270.02,5296.6,NaN,,1.2024,1.202,NaN,811,NaN,5.2775,,,23.97,7749.75
Oct 1996,NaN,NaN,NaN,NaN,NaN,NaN,NaN,NaN,NaN,NaN,NaN,NaN,270.31,5328.5,NaN,,1.204,1.204,NaN,836,NaN,5.25,8259.771,1273.878,24.88,7880.25
Nov 1996,NaN,NaN,NaN,NaN,NaN,NaN,NaN,NaN,NaN,NaN,NaN,NaN,270.61,5351.2,NaN,,1.23225,1.232,NaN,848,NaN,5.31,,,23.71,7762.4
Dec 1996,NaN,NaN,NaN,NaN,NaN,NaN,NaN,NaN,NaN,NaN,NaN,NaN,270.86,5378.6,NaN,,1.2352,1.235,NaN,852,NaN,5.325,,,25.23,7963
Jan 1997,NaN,NaN,NaN,NaN,NaN,NaN,NaN,NaN,NaN,NaN,NaN,NaN,271.09,5411.1,NaN,6317,1.23625,1.236,NaN,822,NaN,5.242,8362.655,1284.329,25.13,7272
Feb 1997,NaN,NaN,NaN,NaN,NaN,NaN,NaN,NaN,NaN,NaN,NaN,NaN,271.32,5434,NaN,,1.23,1.23,NaN,849,NaN,5.1825,,,22.18,7583.25
March 1997,NaN,NaN,NaN,NaN,NaN,NaN,NaN,NaN,NaN,NaN,NaN,NaN,271.56,5454.2,NaN,,1.205,1.205,NaN,897,NaN,5.3025,,,20.97,7690.75
Apr 1997,NaN,NaN,NaN,NaN,NaN,NaN,NaN,NaN,NaN,NaN,NaN,NaN,271.82,5459.3,NaN,,1.199,1.199,NaN,901,NaN,5.56,8518.825,1302.783,19.7,7935.5
May 1997,NaN,NaN,NaN,NaN,NaN,NaN,NaN,NaN,NaN,NaN,NaN,NaN,272.08,5460.2,NaN,,1.20025,1.2,NaN,924,NaN,5.4725,,,20.82,8096.8
Jun 1997,NaN,NaN,NaN,NaN,NaN,NaN,NaN,NaN,NaN,NaN,NaN,NaN,272.36,5494.2,NaN,,1.1976,1.198,NaN,976,NaN,5.515,,,19.26,8097.5
Jul 1997,NaN,NaN,NaN,NaN,NaN,NaN,NaN,NaN,NaN,NaN,NaN,NaN,272.65,5548.8,NaN,,1.17425,1.174,NaN,969,NaN,5.548,8662.823,1321.301,19.66,8572.5
Aug 1997,NaN,NaN,NaN,NaN,NaN,NaN,NaN,NaN,NaN,NaN,NaN,NaN,272.97,5587,NaN,,1.2235,1.224,NaN,993,NaN,5.555,,,19.95,8339.8
Sep 1997,NaN,NaN,NaN,NaN,NaN,NaN,NaN,NaN,NaN,NaN,NaN,NaN,273.29,5601.7,NaN,,1.2314,1.231,NaN,1009,NaN,5.5375,,,19.8,8038.5
Oct 1997,NaN,NaN,NaN,NaN,NaN,NaN,NaN,NaN,NaN,NaN,NaN,NaN,273.59,5637.7,NaN,,1.19675,1.197,NaN,996,NaN,5.506,8765.907,1344.165,21.33,8202.2
Nov 1997,NaN,NaN,NaN,NaN,NaN,NaN,NaN,NaN,NaN,NaN,NaN,NaN,273.87,5661.1,NaN,,1.17075,1.171,NaN,983,NaN,5.525,,,20.19,7859.75
Dec 1997,NaN,NaN,NaN,NaN,NaN,NaN,NaN,NaN,NaN,NaN,NaN,NaN,274.11,5692.1,NaN,,1.1314,1.131,NaN,1013,NaN,5.506,,,18.33,8186
Jan 1998,NaN,NaN,NaN,NaN,NaN,NaN,NaN,NaN,NaN,NaN,NaN,NaN,274.37,5689.9,NaN,6119,1.08625,1.086,NaN,993,NaN,5.5625,8866.48,1352.528,16.72,7778.8
Feb 1998,NaN,NaN,NaN,NaN,NaN,NaN,NaN,NaN,NaN,NaN,NaN,NaN,274.58,5723.8,NaN,,1.049,1.049,NaN,974,NaN,5.5,,,16.06,7885.25
Mar 1998,NaN,NaN,NaN,NaN,NaN,NaN,NaN,NaN,NaN,NaN,NaN,NaN,274.78,5750.3,NaN,,1.0135,1.017,NaN,932,NaN,5.4875,,,15.12,7899
Apr 1998,NaN,NaN,NaN,NaN,NaN,NaN,NaN,NaN,NaN,NaN,NaN,NaN,275.04,5788.1,NaN,,1.03025,1.03,NaN,886,NaN,5.464,8969.699,1393.784,15.35,8361
May 1998,NaN,NaN,NaN,NaN,NaN,NaN,NaN,NaN,NaN,NaN,NaN,NaN,275.3,5837.9,NaN,,1.0635,1.064,NaN,855,NaN,5.4725,,,14.91,8151.8
Jun 1998,NaN,NaN,NaN,NaN,NaN,NaN,NaN,NaN,NaN,NaN,NaN,NaN,275.57,5871.7,NaN,,1.0644,1.064,NaN,854,NaN,5.515,,,13.72,8304.75
Jul 1998,NaN,NaN,NaN,NaN,NaN,NaN,NaN,NaN,NaN,NaN,NaN,NaN,275.85,5890,NaN,,1.05525,1.055,NaN,816,NaN,5.576,9121.097,1417.348,14.17,8572
Aug 1998,NaN,NaN,NaN,NaN,NaN,NaN,NaN,NaN,NaN,NaN,NaN,NaN,276.16,5925,NaN,,1.026,1.026,NaN,792,NaN,5.545,,,13.47,8548.25
Sep 1998,NaN,NaN,NaN,NaN,NaN,NaN,NaN,NaN,NaN,NaN,NaN,NaN,276.45,5965.6,NaN,,1.00925,1.009,NaN,774,NaN,5.524,,,15.03,8416.75
Oct 1998,NaN,NaN,NaN,NaN,NaN,NaN,NaN,NaN,NaN,NaN,NaN,NaN,276.75,5998.8,NaN,,1.01875,1.019,NaN,734,NaN,5.045,9293.991,1441.272,14.46,8272.6
Nov 1998,NaN,NaN,NaN,NaN,NaN,NaN,NaN,NaN,NaN,NaN,NaN,NaN,277.02,6015.4,NaN,,0.9954,0.995,NaN,688,NaN,4.8625,,,13,8150
Dec 1998,NaN,NaN,NaN,NaN,NaN,NaN,NaN,NaN,NaN,NaN,NaN,NaN,277.27,6070.5,NaN,,0.945,0.945,NaN,647,NaN,4.736,,,11.35,8304.25
Jan 1999,NaN,NaN,NaN,NaN,NaN,NaN,NaN,NaN,NaN,NaN,NaN,NaN,277.53,6073.9,NaN,8007,0.939,0.939,NaN,587,NaN,4.5875,9411.682,1471.714,12.52,7953.2
Feb 1999,NaN,NaN,NaN,NaN,NaN,NaN,NaN,NaN,NaN,NaN,NaN,NaN,277.74,6009.2,NaN,,0.9205,0.921,NaN,542,NaN,4.755,,,12.01,8138
Mar 1999,NaN,NaN,NaN,NaN,NaN,NaN,NaN,NaN,NaN,NaN,NaN,NaN,277.94,6133,NaN,,0.982,0.982,NaN,526,NaN,4.814,,,14.68,8357
Apr 1999,NaN,NaN,NaN,NaN,NaN,NaN,NaN,NaN,NaN,NaN,NaN,NaN,278.2,6199.5,NaN,,1.131,1.131,NaN,496,NaN,4.72,9526.21,1500.711,17.31,8130.2
May 1999,NaN,NaN,NaN,NaN,NaN,NaN,NaN,NaN,NaN,NaN,NaN,NaN,278.46,6232.1,NaN,,1.1306,1.131,NaN,516,NaN,4.7725,,,17.72,8374
Jun 1999,NaN,NaN,NaN,NaN,NaN,NaN,NaN,NaN,NaN,NaN,NaN,NaN,278.75,6260.3,NaN,,1.11425,1.114,NaN,558,NaN,4.75,,,17.92,8646.75
Jul 1999,NaN,NaN,NaN,NaN,NaN,NaN,NaN,NaN,NaN,NaN,NaN,NaN,279.04,6287.6,NaN,,1.1575,1.158,NaN,588,NaN,4.985,9686.626,1533.015,20.1,8710.6
Aug 1999,NaN,NaN,NaN,NaN,NaN,NaN,NaN,NaN,NaN,NaN,NaN,NaN,279.35,6331.9,NaN,,1.2208,1.221,NaN,639,NaN,5.0175,,,21.28,8597
Sep 1999,NaN,NaN,NaN,NaN,NaN,NaN,NaN,NaN,NaN,NaN,NaN,NaN,279.65,6386.5,NaN,,1.2555,1.256,NaN,696,NaN,5.234,,,23.8,8685
Oct 1999,NaN,NaN,NaN,NaN,NaN,NaN,NaN,NaN,NaN,NaN,NaN,NaN,279.95,6411.4,NaN,,1.24425,1.244,NaN,741,NaN,5.2,9900.169,1553.622,22.69,8489.8
Nov 1999,NaN,NaN,NaN,NaN,NaN,NaN,NaN,NaN,NaN,NaN,NaN,NaN,280.22,6448.7,NaN,,1.2514,1.251,NaN,782,NaN,5.3575,,,25,8392.25
Dec 1999,NaN,NaN,NaN,NaN,NaN,NaN,NaN,NaN,NaN,NaN,NaN,NaN,280.47,6541,NaN,,1.2725,1.273,NaN,798,NaN,5.398,,,26.1,8461.2
Jan 2000,NaN,NaN,NaN,NaN,NaN,NaN,NaN,NaN,NaN,NaN,NaN,NaN,280.73,6542.9,NaN,14003,1.2888,1.289,NaN,775,NaN,5.34,10002.179,1584.412,27.26,7938.5
Feb 2000,NaN,NaN,NaN,NaN,NaN,NaN,NaN,NaN,NaN,NaN,NaN,NaN,280.94,6625.3,NaN,,1.377,1.377,NaN,763,NaN,5.71,,,29.37,8153.25
Mar 2000,NaN,NaN,NaN,NaN,NaN,NaN,NaN,NaN,NaN,NaN,NaN,NaN,281.16,6686.5,NaN,,1.51625,1.516,NaN,773,NaN,5.822,,,29.84,8150.2
Apr 2000,NaN,NaN,NaN,NaN,NaN,NaN,NaN,NaN,NaN,NaN,NaN,NaN,281.42,6679.1,NaN,,1.46475,1.465,NaN,805,NaN,6.0275,10247.72,1632.955,25.72,8532.5
May 2000,NaN,NaN,NaN,NaN,NaN,NaN,NaN,NaN,NaN,NaN,NaN,NaN,281.64,6709.7,NaN,,1.4868,1.487,NaN,844,NaN,6.242,,,28.79,8601
Jun 2000,NaN,NaN,NaN,NaN,NaN,NaN,NaN,NaN,NaN,NaN,NaN,NaN,281.89,6746.9,NaN,,1.63325,1.633,NaN,878,NaN,6.5075,,,31.82,8651.2
Jul 2000,NaN,NaN,NaN,NaN,NaN,NaN,NaN,NaN,NaN,NaN,NaN,NaN,282.16,6768.5,NaN,,1.551,1.551,211.7982,942,NaN,6.5725,10318.165,1692.853,29.7,8584.5
Aug 2000,NaN,NaN,NaN,NaN,NaN,NaN,NaN,NaN,NaN,NaN,NaN,NaN,282.42,6802.8,NaN,,1.4645,1.465,217.0694,987,NaN,6.494,,,31.26,8829.5
Sep 2000,NaN,NaN,NaN,NaN,NaN,NaN,NaN,NaN,NaN,NaN,NaN,NaN,282.69,6888.6,NaN,,1.55025,1.55,222.5619,1011,NaN,6.515,,,33.88,8400.6
Oct 2000,NaN,NaN,NaN,NaN,NaN,NaN,NaN,NaN,NaN,NaN,NaN,NaN,282.96,6893.8,NaN,,1.3154,1.532,220.6871,1055,NaN,6.5125,10435.744,1741.267,33.11,8637.25
Nov 2000,NaN,NaN,NaN,NaN,NaN,NaN,NaN,NaN,NaN,NaN,NaN,NaN,283.2,6909.8,NaN,,1.51725,1.517,221.9186,1067,NaN,6.514,,,34.42,8369.5
Dec 2000,NaN,NaN,NaN,NaN,NaN,NaN,NaN,NaN,NaN,NaN,NaN,NaN,283.44,6952.2,NaN,,1.44275,1.443,227.2978,1097,NaN,6.5125,,,28.44,8502.4
Jan 2001,NaN,NaN,NaN,NaN,NaN,NaN,NaN,NaN,NaN,NaN,NaN,NaN,283.65,6987.4,NaN,10632,1.4472,1.447,231.02,1118,NaN,5.942,10470.231,1784.759,29.59,7820.5
Feb 2001,NaN,NaN,NaN,NaN,NaN,NaN,NaN,NaN,NaN,NaN,NaN,NaN,283.84,7001.8,NaN,,1.44975,1.45,229.5025,1136,NaN,5.495,,,29.61,8164.5
Mar 2001,NaN,NaN,NaN,NaN,NaN,NaN,NaN,NaN,NaN,NaN,NaN,NaN,284.05,6996.7,NaN,,1.40925,1.409,228.0746,1163,NaN,5.32,,,27.25,8476
Apr 2001,NaN,NaN,NaN,NaN,NaN,NaN,NaN,NaN,NaN,NaN,NaN,NaN,284.27,7004.2,NaN,,1.5516,1.552,231.51,1206,NaN,4.8925,10599,1816.504,27.49,8464
May 2001,NaN,NaN,NaN,NaN,NaN,NaN,NaN,NaN,NaN,NaN,NaN,NaN,284.49,7052.8,NaN,,1.70175,1.702,235.5706,1234,NaN,4.258,,,28.63,8531.75
Jun 2001,NaN,NaN,NaN,NaN,NaN,NaN,NaN,NaN,NaN,NaN,NaN,NaN,284.73,7069.7,NaN,,1.61625,1.616,233.611,1270,NaN,3.985,,,27.6,8717.4
Jul 2001,NaN,NaN,NaN,NaN,NaN,NaN,NaN,NaN,NaN,NaN,NaN,NaN,284.97,7082.3,NaN,,1.4206,1.421,231.8128,1278,NaN,3.7825,10598.02,1838.308,26.43,8975
Aug 2001,NaN,NaN,NaN,NaN,NaN,NaN,NaN,NaN,NaN,NaN,NaN,NaN,285.22,7121.7,NaN,,1.42075,1.421,233.4632,1252,NaN,3.678,,,27.37,8844
Sep 2001,NaN,NaN,NaN,NaN,NaN,NaN,NaN,NaN,NaN,NaN,NaN,NaN,285.49,7007,NaN,,1.5215,1.522,233.3405,1193,NaN,3.145,,,26.2,8461.5
Oct 2001,NaN,NaN,NaN,NaN,NaN,NaN,NaN,NaN,NaN,NaN,NaN,NaN,285.69,7212.9,NaN,,1.3154,1.315,233.059,1111,NaN,2.526,10660.465,1891.827,22.17,8646.75
Nov 2001,NaN,NaN,NaN,NaN,NaN,NaN,NaN,NaN,NaN,NaN,NaN,NaN,285.92,7182.3,NaN,,1.1705,1.171,239.1397,1000,NaN,2.0875,,,19.64,8713
Dec 2001,NaN,NaN,NaN,NaN,NaN,NaN,NaN,NaN,NaN,NaN,NaN,NaN,286.14,7166.7,NaN,,1.086,1.086,241.6899,901,NaN,1.8775,,,19.39,8674.25
Jan 2002,NaN,NaN,NaN,NaN,NaN,NaN,NaN,NaN,NaN,NaN,NaN,NaN,286.34,7184.6,NaN,10313,1.10725,1.107,241.2225,867,NaN,1.706,10783.5,1918.895,19.72,8220
Feb 2002,NaN,NaN,NaN,NaN,NaN,NaN,NaN,NaN,NaN,NaN,NaN,NaN,286.54,7225.2,NaN,,1.11375,1.114,240.6635,825,NaN,1.74,,,20.72,8374.25
Mar 2002,NaN,NaN,NaN,NaN,NaN,NaN,NaN,NaN,NaN,NaN,NaN,NaN,286.72,7243.4,NaN,,1.24925,1.249,240.3203,763,NaN,1.7275,,,24.53,8555.8
Apr 2002,NaN,NaN,NaN,NaN,NaN,NaN,NaN,NaN,NaN,NaN,NaN,NaN,286.93,7312.5,NaN,,1.397,1.397,245.2524,750,NaN,1.74,10887.46,1951.616,26.18,8772
May 2002,NaN,NaN,NaN,NaN,NaN,NaN,NaN,NaN,NaN,NaN,NaN,NaN,287.15,7288.9,NaN,,1.39175,1.392,245.3355,826,NaN,1.758,,,27.04,8744.4
Jun 2002,NaN,NaN,NaN,NaN,NaN,NaN,NaN,NaN,NaN,NaN,NaN,NaN,287.39,7322.5,NaN,,1.38225,1.382,244.0136,842,NaN,1.755,,,25.52,8924.75
Jul 2002,NaN,NaN,NaN,NaN,NaN,NaN,NaN,NaN,NaN,NaN,NaN,NaN,287.63,7387.3,NaN,,1.397,1.397,239.7296,851,NaN,1.732,10984.04,1975.317,26.97,9034.5
Aug 2002,NaN,NaN,NaN,NaN,NaN,NaN,NaN,NaN,NaN,NaN,NaN,NaN,287.87,7412.6,NaN,,1.39575,1.396,249.3048,848,NaN,1.7375,,,28.39,9162.8
Sep 2002,NaN,NaN,NaN,NaN,NaN,NaN,NaN,NaN,NaN,NaN,NaN,NaN,288.13,7391.5,NaN,,1.3996,1.4,255.5427,860,NaN,1.7475,,,29.66,8737.5
Oct 2002,NaN,NaN,NaN,NaN,NaN,NaN,NaN,NaN,NaN,NaN,NaN,NaN,288.38,7435.2,NaN,,1.44525,1.445,255.6433,851,NaN,1.758,11061.433,1997.008,28.84,8915
Nov 2002,NaN,NaN,NaN,NaN,NaN,NaN,NaN,NaN,NaN,NaN,NaN,NaN,288.61,7463.8,NaN,,1.419,1.419,252.0198,834,NaN,1.365,,,26.35,8870
Dec 2002,NaN,NaN,NaN,NaN,NaN,NaN,NaN,NaN,NaN,NaN,NaN,NaN,288.8,7519.9,NaN,,1.3858,1.386,254.9404,856,NaN,1.2425,,,29.46,8880.5
Jan 2003,NaN,NaN,NaN,NaN,NaN,NaN,NaN,NaN,NaN,NaN,NaN,NaN,289,7541.3,NaN,8280,1.4575,1.458,251.8756,854,99.87,1.226,11174.129,2026.273,32.95,8547
Feb 2003,NaN,NaN,NaN,NaN,NaN,NaN,NaN,NaN,NaN,NaN,NaN,NaN,289.13,7549.6,NaN,,1.613,1.613,246.922,907,99.9,1.2625,,,35.83,8400
Mar 2003,NaN,NaN,NaN,NaN,NaN,NaN,NaN,NaN,NaN,NaN,NaN,NaN,289.26,7611.5,NaN,,1.693,1.693,244.4505,941,98.89,1.2475,,,33.51,8641.5
Apr 2003,NaN,NaN,NaN,NaN,NaN,NaN,NaN,NaN,NaN,NaN,NaN,NaN,289.4,7634.5,NaN,,1.589,1.589,240.0971,983,97.17,1.264,11312.766,2058.502,28.17,8548.25
May 2003,NaN,NaN,NaN,NaN,NaN,NaN,NaN,NaN,NaN,NaN,NaN,NaN,289.55,7650.3,NaN,,1.49725,1.497,248.7447,1034,93.4,1.255,,,28.11,8907
Jun 2003,NaN,NaN,NaN,NaN,NaN,NaN,NaN,NaN,NaN,NaN,NaN,NaN,289.82,7699.6,NaN,,1.4928,1.493,245.2878,1067,94.67,1.24,,,30.66,8929.5
Jul 2003,NaN,NaN,NaN,NaN,NaN,NaN,NaN,NaN,NaN,NaN,NaN,NaN,290.11,7757,NaN,,1.5125,1.513,245.8397,1081,96.85,1.032,11566.669,2082.493,30.76,9138.25
Aug 2003,NaN,NaN,NaN,NaN,NaN,NaN,NaN,NaN,NaN,NaN,NaN,NaN,290.39,7952.1,NaN,,1.62025,1.62,245.6219,1090,97.97,1.0325,,,31.57,9402.8
Sep 2003,NaN,NaN,NaN,NaN,NaN,NaN,NaN,NaN,NaN,NaN,NaN,NaN,290.66,7853.7,NaN,,1.6788,1.679,244.7924,1093,92.85,0.9975,,,28.31,8929
Oct 2003,NaN,NaN,NaN,NaN,NaN,NaN,NaN,NaN,NaN,NaN,NaN,NaN,290.92,7867.4,NaN,,1.5635,1.564,239.9533,1102,92.73,1.018,11772.234,2102.932,30.34,9165.8
Nov 2003,NaN,NaN,NaN,NaN,NaN,NaN,NaN,NaN,NaN,NaN,NaN,NaN,291.16,7922.6,NaN,,1.512,1.512,271.0212,1111,90.22,0.995,,,31.11,8982.75
Dec 2003,NaN,NaN,NaN,NaN,NaN,NaN,NaN,NaN,NaN,NaN,NaN,NaN,291.36,7950.4,NaN,,1.4788,1.479,279.6627,1114,86.92,0.986,,,32.13,8899.5
Jan 2004,NaN,NaN,NaN,NaN,NaN,NaN,NaN,NaN,NaN,NaN,NaN,NaN,291.55,8007.1,NaN,8101,1.57175,1.572,283.7352,1101,87.2,0.995,11923.447,2135.867,34.31,8516
Feb 2004,NaN,NaN,NaN,NaN,NaN,NaN,NaN,NaN,NaN,NaN,NaN,NaN,291.72,8040.4,NaN,,1.6475,1.648,281.8297,1119,87.31,1.005,,,34.69,8780
Mar 2004,NaN,NaN,NaN,NaN,NaN,NaN,NaN,NaN,NaN,NaN,NaN,NaN,291.89,8098.8,NaN,,1.736,1.736,279.3809,1135,87.61,1.006,,,36.74,8890.25
Apr 2004,NaN,NaN,NaN,NaN,NaN,NaN,NaN,NaN,NaN,NaN,NaN,NaN,292.11,8107.2,NaN,,1.79775,1.798,281.1929,1151,90.48,1.005,12112.815,2154.712,36.75,9148.2
May 2004,NaN,NaN,NaN,NaN,NaN,NaN,NaN,NaN,NaN,NaN,NaN,NaN,292.35,8176.5,NaN,,1.9834,1.983,284.4022,1164,88.95,1.005,,,40.28,9226.25
Jun 2004,NaN,NaN,NaN,NaN,NaN,NaN,NaN,NaN,NaN,NaN,NaN,NaN,292.57,8157.6,NaN,,1.96925,1.969,287.4712,1176,88.8,1.024,,,38.03,9164.25
Jul 2004,NaN,NaN,NaN,NaN,NaN,NaN,NaN,NaN,NaN,NaN,NaN,NaN,292.81,8236.9,NaN,,1.91125,1.911,288.0765,1213,89.96,1.26,12305.307,2187.446,40.78,9222.2
Aug 2004,NaN,NaN,NaN,NaN,NaN,NaN,NaN,NaN,NaN,NaN,NaN,NaN,293.06,8271.6,NaN,,1.878,1.878,289.9648,1234,88.94,1.39,,,44.9,9421
Sep 2004,NaN,NaN,NaN,NaN,NaN,NaN,NaN,NaN,NaN,NaN,NaN,NaN,293.31,8341.5,NaN,,1.86975,1.87,293.9509,1240,87.36,1.584,,,45.94,9153.5
Oct 2004,NaN,NaN,NaN,NaN,NaN,NaN,NaN,NaN,NaN,NaN,NaN,NaN,293.57,8397.1,NaN,,1.9995,2,291.1857,1240,84.91,1.7625,12527.214,2220.119,53.28,8973.8
Nov 2004,NaN,NaN,NaN,NaN,NaN,NaN,NaN,NaN,NaN,NaN,NaN,NaN,293.8,8444.5,NaN,,1.9794,1.979,288.1349,1262,81.82,1.8925,,,48.47,9161.5
Dec 2004,NaN,NaN,NaN,NaN,NaN,NaN,NaN,NaN,NaN,NaN,NaN,NaN,294.02,8504.4,NaN,,1.841,1.841,294.2316,1246,80.8,2.136,,,43.15,9211.8
Jan 2005,NaN,NaN,NaN,NaN,NaN,NaN,NaN,NaN,NaN,NaN,NaN,NaN,294.23,8497.7,NaN,10222,1.8308,1.831,305.3534,1255,83.6,2.235,12767.286,2248.511,46.84,8783.5
Feb 2005,NaN,NaN,NaN,NaN,NaN,NaN,NaN,NaN,NaN,NaN,NaN,NaN,294.38,8559.1,NaN,,1.91,1.91,298.6136,1276,82.51,2.4875,,,48.15,8861
Mar 2005,NaN,NaN,NaN,NaN,NaN,NaN,NaN,NaN,NaN,NaN,NaN,NaN,294.56,8598.4,NaN,,2.07925,2.079,299.9624,1306,84.06,2.5675,,,54.19,9072.25
Apr 2005,NaN,NaN,NaN,NaN,NaN,NaN,NaN,NaN,NaN,NaN,NaN,NaN,294.78,8678.4,NaN,,2.2425,2.243,301.4503,1334,84.43,2.7725,12922.656,2276.583,52.98,9136.8
May 2005,NaN,NaN,NaN,NaN,NaN,NaN,NaN,NaN,NaN,NaN,NaN,NaN,295.03,8671.6,NaN,,2.1612,2.161,299.3919,1320,87.76,2.9925,,,49.83,9337
Jun 2005,NaN,NaN,NaN,NaN,NaN,NaN,NaN,NaN,NaN,NaN,NaN,NaN,295.26,8753.4,NaN,,2.1555,2.156,301.1719,1355,89.11,3.022,,,56.35,9414.75
Jul 2005,NaN,NaN,NaN,NaN,NaN,NaN,NaN,NaN,NaN,NaN,NaN,NaN,295.52,8853.8,NaN,,2.29,2.29,302.6171,1398,89.35,3.2575,13142.642,2300.822,59,9512.4
Aug 2005,NaN,NaN,NaN,NaN,NaN,NaN,NaN,NaN,NaN,NaN,NaN,NaN,295.77,8850.1,NaN,,2.4862,2.486,301.9928,1436,87.58,3.476,,,64.99,9442
Sep 2005,NaN,NaN,NaN,NaN,NaN,NaN,NaN,NaN,NaN,NaN,NaN,NaN,296.04,8900.4,NaN,,2.90325,2.903,304.6805,1452,89.52,3.605,,,65.59,8831.6
Oct 2005,NaN,NaN,NaN,NaN,NaN,NaN,NaN,NaN,NaN,NaN,NaN,NaN,296.31,8938.5,NaN,,2.7168,2.717,295.4735,1479,90.07,3.7625,13324.204,2320.555,62.26,8942.5
Nov 2005,NaN,NaN,NaN,NaN,NaN,NaN,NaN,NaN,NaN,NaN,NaN,NaN,296.51,8946.2,NaN,,2.25675,2.257,300.0296,1486,91.57,3.988,,,58.32,9177.5
Dec 2005,NaN,NaN,NaN,NaN,NaN,NaN,NaN,NaN,NaN,NaN,NaN,NaN,296.76,8981.1,NaN,,2.185,2.185,303.0021,1470,91.17,4.1625,,,59.41,9284.4
Jan 2006,NaN,NaN,NaN,NaN,NaN,NaN,NaN,NaN,NaN,NaN,NaN,NaN,296.99,9071.6,NaN,12840,2.3156,2.316,303.2744,1473,88.96,4.235,13599.16,2385.808,65.49,8878.5
Feb 2006,NaN,NaN,NaN,NaN,NaN,NaN,NaN,NaN,NaN,NaN,NaN,NaN,297.22,9096,NaN,,2.28,2.28,297.1864,1533,90.11,4.48,,,61.63,9011.75
Mar 2006,0.6%,0.7%,0.6%,0.7%,NaN,NaN,NaN,NaN,NaN,NaN,16.96%,NaN,297.42,9132.9,NaN,,2.42475,2.425,292.4211,1551,89.73,4.558,,,62.69,9076
Apr 2006,,,,,NaN,NaN,NaN,NaN,NaN,NaN,17.13%,NaN,297.65,9191.6,NaN,,2.742,2.742,294.4445,1597,86.11,4.7875,13753.424,2395.813,69.44,9127
May 2006,,,,,NaN,NaN,NaN,NaN,NaN,NaN,16.73%,NaN,297.87,9231.8,NaN,,2.9068,2.907,301.0752,1635,84.72,4.932,,,70.84,9324
Jun 2006,0.8%,1.0%,,,NaN,NaN,NaN,NaN,NaN,NaN,16.90%,NaN,298.12,9259.6,NaN,,2.8845,2.885,298.3959,1665,85.22,4.985,,,70.95,9478.8
Jul 2006,,,,,NaN,NaN,NaN,NaN,NaN,NaN,17.66%,NaN,298.38,9343.8,NaN,,2.9806,2.981,299.7931,1681,85.3,5.2175,13870.188,2426.814,74.41,9600.5
Aug 2006,,,,,NaN,NaN,NaN,NaN,NaN,NaN,16.46%,NaN,298.63,9342.2,NaN,,2.95175,2.952,303.1289,1738,85.05,5.248,,,73.04,9602
Sep 2006,0.9%,1.3%,,,NaN,NaN,NaN,NaN,NaN,NaN,16.97%,NaN,298.91,9375.4,NaN,,2.555,2.555,304.0907,1739,85.97,5.2475,,,63.8,9317.4
Oct 2006,,,,,NaN,NaN,NaN,NaN,NaN,NaN,16.87%,NaN,299.16,9393.6,NaN,,2.2446,2.245,300.7023,1734,85.32,5.25,14039.56,2456.716,58.89,9387.5
Nov 2006,,,,,NaN,NaN,NaN,NaN,NaN,NaN,16.66%,NaN,299.4,9400.2,NaN,,2.22925,2.229,302.7973,1706,82.92,5.248,,,59.08,9208.75
Dec 2006,0.8%,1.1%,,,NaN,NaN,NaN,NaN,NaN,NaN,17.11%,NaN,299.66,9488.3,NaN,,2.31275,2.313,312.1456,1718,83.72,5.245,,,61.96,9367.6
Jan 2007,,,,,NaN,NaN,NaN,NaN,NaN,NaN,16.90%,NaN,299.89,9538.7,NaN,15156,2.2398,2.24,315.2868,1714,84.61,5.242,14215.651,2484.433,54.51,9089.75
Feb 2007,,,,,NaN,NaN,NaN,NaN,NaN,NaN,17.17%,NaN,300.1,9566,NaN,,2.27775,2.278,310.2653,1736,83.57,5.26,,,59.28,9129
Mar 2007,0.6%,1.2%,0.6%,1.2%,NaN,NaN,NaN,NaN,NaN,NaN,16.44%,NaN,300.29,9611.7,NaN,,2.56275,2.563,302.7974,1749,82.93,5.255,,,60.44,9266
Apr 2007,,,,,NaN,NaN,NaN,NaN,NaN,NaN,16.62%,NaN,300.51,9643.6,NaN,,2.845,2.845,307.4267,1750,81.45,5.2525,14402.082,2519.121,63.98,9285.5
May 2007,,,,,NaN,NaN,NaN,NaN,NaN,NaN,16.66%,NaN,300.73,9685.8,NaN,,3.146,3.146,310.4954,1748,82.3,5.254,,,63.46,9416.5
Jun 2007,0.9%,1.0%,,,NaN,NaN,NaN,NaN,NaN,NaN,16.18%,NaN,300.97,9706.8,NaN,,3.056,3.056,315.2246,1771,81.92,5.25,,,67.49,9541
Jul 2007,,,,,NaN,NaN,NaN,NaN,NaN,NaN,15.84%,NaN,301.23,9751.1,NaN,,2.9646,2.965,317.146,1777,80.77,5.26,14564.117,2566.995,74.12,9680.75
Aug 2007,,,,,NaN,NaN,NaN,NaN,NaN,NaN,16.38%,NaN,301.5,9798.9,NaN,,2.78575,2.786,316.6429,1804,80.79,5.066,,,72.36,9622.4
Sep 2007,0.8%,0.9%,,,NaN,NaN,NaN,NaN,NaN,NaN,16.53%,NaN,301.77,9845.1,NaN,,2.80325,2.803,322.1193,1783,77.72,4.9775,,,79.92,9248.75
Oct 2007,,,,,NaN,NaN,NaN,NaN,NaN,NaN,16.46%,NaN,302.03,9882.7,NaN,,2.803,2.803,320.9652,1762,76.48,4.744,14715.058,2609.477,85.8,9295.25
Nov 2007,,,,,NaN,NaN,NaN,NaN,NaN,NaN,16.35%,NaN,302.29,9955.9,NaN,,3.08,3.08,329.6054,1798,76.15,4.4775,,,94.77,9279.6
Dec 2007,0.9%,1.0%,,,NaN,NaN,NaN,NaN,NaN,NaN,16.03%,NaN,302.53,9972.8,NaN,,3.0184,3.018,340.3101,1811,76.7,4.34,,,91.69,9341.75
Jan 2008,,,,,NaN,NaN,NaN,NaN,NaN,NaN,15.71%,NaN,302.75,9996.4,NaN,21233,3.04275,3.043,338.9682,1749,75.18,3.948,14706.538,2645.604,92.97,9081
Feb 2008,,,,,NaN,NaN,NaN,NaN,NaN,NaN,15.49%,NaN,302.97,9981.7,NaN,,3.0275,3.028,331.6147,1765,73.71,2.9875,,,95.39,9035.4
Mar 2008,0.7%,0.6%,0.7%,0.6%,NaN,NaN,NaN,NaN,NaN,NaN,15.11%,NaN,303.19,10035.3,NaN,,3.244,3.244,329.4451,1797,71.8,2.7125,,,105.45,9162
Apr 2008,,,,,NaN,NaN,NaN,NaN,NaN,NaN,14.61%,NaN,303.38,10070.3,NaN,,3.458,3.458,328.5962,1829,72.51,2.266,14865.701,2662.41,112.58,9257
May 2008,,,,,NaN,NaN,NaN,NaN,NaN,NaN,14.70%,NaN,303.62,10132.3,NaN,,3.76575,3.766,330.6913,1863,72.88,1.9775,,,125.4,9303
Jun 2008,0.7%,0.7%,,,NaN,NaN,NaN,NaN,NaN,NaN,14.38%,NaN,303.85,10187.1,NaN,,4.0542,4.054,330.4696,1902,72.46,1.9825,,,133.88,9338.25
Jul 2008,,,,,NaN,NaN,NaN,NaN,NaN,NaN,13.01%,NaN,304.09,10185.1,NaN,,4.0615,4.062,334.0228,1932,73.23,2.022,14898.999,2657.388,133.37,9375.25
Aug 2008,,,,,NaN,NaN,NaN,NaN,NaN,NaN,14.12%,NaN,304.36,10175.7,NaN,,3.7785,3.779,340.5921,1987,77.38,2.005,,,116.67,9437.6
Sep 2008,0.6%,1.0%,,,NaN,NaN,NaN,NaN,NaN,NaN,12.96%,NaN,304.61,10116.4,NaN,,3.7026,3.703,344.9149,2014,79.45,1.935,,,104.11,8867
Oct 2008,,,,,NaN,NaN,NaN,NaN,NaN,NaN,10.93%,NaN,304.86,10034.1,NaN,,3.05125,3.051,372.4624,1976,85.8,1.076,14608.209,2643.789,76.61,8960.4
Nov 2008,,,,,NaN,NaN,NaN,NaN,NaN,NaN,10.53%,NaN,305.09,9885.2,NaN,,2.147,2.147,381.7789,1935,86.52,0.36,,,57.31,8935.25
Dec 2008,0.5%,0.6%,,,NaN,NaN,NaN,NaN,NaN,NaN,10.38%,NaN,305.3,9801.5,NaN,,1.687,1.687,383.6257,1782,81.31,0.196,,,41.12,9040.75
Jan 2009,,,,,NaN,NaN,NaN,NaN,NaN,NaN,9.79%,NaN,305.52,9847.2,NaN,11084,1.78825,1.788,393.6412,1553,86,0.1475,14430.902,2622.827,41.71,8810.8
Feb 2009,,,,,NaN,NaN,NaN,NaN,NaN,NaN,9.22%,NaN,305.71,9824.5,NaN,,1.92275,1.923,395.4554,1320,88.01,0.2225,,,39.09,9032
Mar 2009,0.2%,0.7%,0.2%,0.7%,NaN,NaN,NaN,NaN,NaN,NaN,9.75%,NaN,305.92,9773.2,NaN,,1.9586,1.959,386.6939,1105,85.43,0.19,,,47.94,9038
Apr 2009,,,,,NaN,NaN,NaN,NaN,NaN,NaN,9.38%,NaN,306.11,9772.5,NaN,,2.049,2.049,372.8319,995,84.61,0.152,14381.236,2591.475,49.65,9063.75
May 2009,,,,,NaN,NaN,NaN,NaN,NaN,NaN,10.18%,NaN,306.32,9791.6,NaN,,2.2655,2.266,365.0456,918,79.35,0.1775,,,59.03,9124.8
Jun 2009,0.2%,0.7%,,,NaN,NaN,NaN,NaN,NaN,NaN,10.15%,NaN,306.54,9852.4,NaN,,2.6306,2.631,359.1838,895,80.13,0.205,,,69.64,9169.25
Jul 2009,,,,,NaN,NaN,NaN,NaN,NaN,NaN,11.57%,NaN,306.77,9886.3,NaN,,2.5265,2.527,356.8368,931,78.35,0.16,14448.882,2576.593,64.15,9203.4
Aug 2009,,,,,NaN,NaN,NaN,NaN,NaN,NaN,14.75%,NaN,307.01,10004.1,NaN,,2.6164,2.616,355.7219,980,78.17,0.1675,,,71.05,9184.75
Sep 2009,0.4%,0.3%,,,NaN,NaN,NaN,NaN,NaN,NaN,9.54%,NaN,307.27,9927.8,NaN,,2.554,2.554,350.9891,1009,76.65,0.148,,,69.41,9050
Oct 2009,,,,,NaN,NaN,NaN,NaN,NaN,NaN,10.58%,NaN,307.52,9976.7,NaN,,2.55125,2.551,346.5095,1044,76.3,0.12,14651.249,2555.017,75.72,9069.6
Nov 2009,,,,,NaN,NaN,NaN,NaN,NaN,NaN,11.04%,NaN,307.76,9985.7,NaN,,2.6514,2.651,344.4312,1107,74.88,0.1175,,,77.99,8973.5
Dec 2009,0.5%,0.5%,,,NaN,NaN,NaN,NaN,NaN,NaN,11.28%,NaN,307.95,10052.6,NaN,,2.60725,2.607,336.4941,1172,77.86,0.118,,,74.47,9023.5
Jan 2010,,,,,NaN,NaN,NaN,NaN,NaN,NaN,10.89%,NaN,308.17,10056.1,0,10281,2.715,2.715,324.3523,1267,79.46,0.1075,14764.61,2536.551,78.33,8663
Feb 2010,,,,,NaN,NaN,NaN,NaN,NaN,NaN,10.32%,NaN,308.38,10093.4,,,2.644,2.644,318.4876,1350,80.36,0.125,,,76.39,8808.25
Mar 2010,0.6%,0.4%,0.6%,0.4%,NaN,NaN,NaN,NaN,NaN,NaN,11.77%,NaN,308.57,10156,,,2.7716,2.772,382.428,1419,81.07,0.162,,,81.2,8997
Apr 2010,,,,,NaN,NaN,NaN,NaN,NaN,NaN,11.45%,NaN,308.76,10182.3,,,2.84825,2.848,648.7538,1479,81.87,0.1975,14980.193,2518.416,84.29,9225
May 2010,,,,,NaN,NaN,NaN,NaN,NaN,NaN,12.03%,NaN,308.94,10210.8,,,2.8362,2.836,641.9609,1513,86.59,0.2,,,73.74,9126.25
Jun 2010,0.5%,0.5%,,,NaN,NaN,NaN,NaN,NaN,NaN,11.60%,NaN,309.12,10231.3,,,2.7315,2.732,632.5913,1531,86.02,0.178,,,75.34,9308.75
Jul 2010,,,,,NaN,NaN,NaN,NaN,NaN,NaN,11.95%,NaN,309.32,10268.1,,,2.72875,2.729,627.2533,1573,81.54,0.1825,15141.607,2522.094,76.32,9414.6
Aug 2010,,,,,NaN,NaN,NaN,NaN,NaN,NaN,12.01%,NaN,309.54,10307.1,,,2.7298,2.73,622.6976,1638,83.2,0.1875,,,76.6,9364
Sep 2010,0.4%,0.3%,,,NaN,NaN,NaN,NaN,NaN,NaN,11.92%,NaN,309.76,10327.1,,,2.554,2.705,616.9158,1655,78.72,0.196,,,75.24,9128
Oct 2010,,,,,NaN,NaN,NaN,NaN,NaN,NaN,12.41%,NaN,309.99,10386.4,,,2.8005,2.801,612.8165,1668,77.27,0.1875,15309.474,2646.811,81.89,9013
Nov 2010,,,,,NaN,NaN,NaN,NaN,NaN,NaN,12.30%,NaN,310.17,10433.6,,,2.859,2.859,608.6693,1683,81.2,0.1925,,,84.25,8926
Dec 2010,0.4%,0.5%,,,NaN,NaN,NaN,NaN,NaN,NaN,12.61%,NaN,310.35,10471,,,2.993,2.993,606.9287,1711,79.03,0.188,,,89.15,9197
Jan 2011,,,,,NaN,NaN,NaN,NaN,NaN,NaN,12.81%,NaN,310.54,10514.3,9800,14496,3.0948,3.095,604.1719,1711,77.74,0.1675,15351.448,2672.031,89.17,8693.75
Feb 2011,,,,,NaN,NaN,NaN,NaN,NaN,NaN,13.08%,NaN,310.69,10540.6,,,3.211,3.211,600.8953,1718,76.89,0.16,,,88.58,8899.25
Mar 2011,0.6%,0.5%,0.6%,0.5%,NaN,NaN,NaN,NaN,NaN,NaN,13.26%,NaN,310.83,10619.7,,,3.56125,3.561,600.3084,1720,75.86,0.142,,,102.86,8990.5
Apr 2011,,,,,NaN,NaN,NaN,NaN,NaN,NaN,13.33%,NaN,311.01,10652.1,,,3.7995,3.8,598.3245,1790,72.93,0.1,15557.539,2693.088,109.53,9037.4
May 2011,,,,,NaN,NaN,NaN,NaN,NaN,NaN,12.28%,NaN,311.18,10672.2,,,3.9062,3.906,596.5065,1836,74.64,0.0925,,,100.9,9082.5
Jun 2011,0.8%,0.3%,,,NaN,NaN,NaN,NaN,NaN,NaN,11.89%,NaN,311.35,10694.8,,,3.68,3.68,599.8914,1863,74.3,0.094,,,96.26,9278.25
Jul 2011,,,,,NaN,NaN,NaN,NaN,NaN,NaN,12.72%,NaN,311.56,10731.6,,,3.65025,3.65,600.9768,1900,73.9,0.0675,15647.68,2720.06,97.3,9113.4
Aug 2011,,,,,NaN,NaN,NaN,NaN,NaN,NaN,12.60%,NaN,311.76,10750.3,,,3.6394,3.639,600.1109,1957,74.12,0.098,,,86.33,9169.25
Sep 2011,0.4%,0.3%,,,NaN,NaN,NaN,NaN,NaN,NaN,13.36%,NaN,312,10783.2,,,3.61125,3.611,599.8945,1978,78.55,0.085,,,85.52,8917
Oct 2011,,,,,NaN,NaN,NaN,NaN,NaN,NaN,13.73%,NaN,312.21,10802.9,,,3.448,3.448,602.1697,2017,76.17,0.07,15842.259,2756.225,86.32,8656.75
Nov 2011,,,,,NaN,NaN,NaN,NaN,NaN,NaN,13.74%,NaN,312.4,10806.8,,,3.38375,3.384,601.6536,2011,78.38,0.08,,,97.16,8664.25
Dec 2011,0.4%,0.3%,,,NaN,NaN,NaN,NaN,NaN,NaN,13.80%,NaN,312.59,10817.8,,,3.26575,3.266,601.491,2003,80.18,0.075,,,98.56,8719.6
Jan 2012,,,,,NaN,NaN,NaN,NaN,NaN,NaN,14.40%,NaN,312.79,10896.8,15000,18213,3.38,3.38,601.1639,2003,79.29,0.075,16068.805,2791.565,100.27,8072.75
Feb 2012,,,,,NaN,NaN,NaN,NaN,NaN,NaN,14.98%,NaN,312.93,10987.2,,,3.57925,3.579,598.6282,1990,78.74,0.1,,,102.2,8299.25
Mar 2012,0.5%,0.5%,0.5%,0.5%,NaN,NaN,NaN,NaN,NaN,NaN,14.59%,NaN,313.11,10993.9,,,3.85175,3.852,600.3423,1979,79,0.13,,,106.16,8509.8
Apr 2012,,,,,NaN,NaN,NaN,NaN,NaN,NaN,14.77%,NaN,313.28,11018.5,,,3.9004,3.9,599.7999,1962,78.78,0.135,16207.115,2829.849,103.32,8661
May 2012,,,,,NaN,NaN,NaN,NaN,NaN,NaN,14.50%,NaN,313.45,11006.8,,,3.73225,3.732,609.0621,1977,83.04,0.152,,,94.66,8849.75
Jun 2012,0.5%,0.5%,,,NaN,NaN,NaN,NaN,NaN,NaN,14.47%,NaN,313.63,10989.8,,,3.53875,3.539,609.019,1972,81.63,0.1675,,,82.3,8863.6
Jul 2012,,,,,NaN,NaN,NaN,NaN,NaN,NaN,14.38%,NaN,313.83,11016.8,,,3.4392,3.439,607.1592,1944,82.64,0.155,16319.541,2865.788,87.9,8756.25
Aug 2012,,,,,NaN,NaN,NaN,NaN,NaN,NaN,14.44%,NaN,314.05,11056,,,3.7215,3.722,607.7167,1913,81.21,0.134,,,94.13,9093.8
Sep 2012,0.4%,0.5%,,,NaN,NaN,NaN,NaN,NaN,NaN,15.10%,NaN,314.28,11105.3,,,3.8485,3.849,607.0559,1859,79.94,0.15,,,94.51,8682.5
Oct 2012,,,,,NaN,NaN,NaN,NaN,NaN,NaN,14.83%,NaN,314.5,11137.4,,,3.7456,3.746,608.409,1834,79.92,0.154,16420.419,2912.905,89.49,8663.25
Nov 2012,,,,,NaN,NaN,NaN,NaN,NaN,NaN,15.46%,NaN,314.7,11178.4,,,3.45175,3.452,609.0026,1809,80.15,0.16,,,86.53,8578.8
Dec 2012,0.3%,0.3%,,,NaN,NaN,NaN,NaN,NaN,NaN,15.46%,NaN,314.87,11181.2,,,3.3104,3.31,606.6778,1784,79.77,0.165,,,87.86,8558
Jan 2013,,,,,NaN,NaN,NaN,NaN,NaN,NaN,15.81%,NaN,315.04,11252.4,48000,20594,3.3185,3.319,607.4654,1756,79.21,0.146,16648.189,2963.146,94.76,8315.5
Feb 2013,,,,,NaN,NaN,NaN,NaN,NaN,NaN,15.86%,NaN,315.16,11290.5,,,3.67,3.67,608.2713,1762,81.95,0.145,,,95.31,8463.25
Mar 2013,0.6%,0.5%,0.6%,0.5%,NaN,NaN,NaN,NaN,NaN,NaN,15.72%,NaN,315.3,11290.1,,,3.71125,3.711,611.4273,1756,83,0.1525,,,92.94,8447.4
Apr 2013,,,,,NaN,NaN,NaN,NaN,NaN,NaN,15.81%,NaN,315.46,11281.1,,,3.5702,3.57,612.2436,1755,81.75,0.1425,16728.687,3000.935,92.02,8506.25
May 2013,,,,,NaN,NaN,NaN,NaN,NaN,NaN,15.88%,NaN,315.61,11321.6,,,3.61475,3.615,613.0952,1767,83.38,0.116,,,94.51,8670.8
Jun 2013,0.5%,0.4%,,,4.59%,2.00%,7.11%,3.09%,1.98%,5.94%,16.15%,NaN,315.81,11344.4,,,3.626,3.626,615.1086,1761,83.14,0.095,,,95.77,8919
Jul 2013,,,,,4.38%,1.63%,7.58%,3.16%,1.60%,6.00%,16.02%,NaN,315.99,11372.6,,,3.591,3.591,612.0346,1766,81.45,0.092,16953.838,3045.859,104.67,9039.25
Aug 2013,,,,,4.24%,1.99%,7.40%,3.40%,2.00%,7.19%,15.83%,NaN,316.2,11406.6,,,3.57375,3.574,611.4375,1781,82.09,0.085,,,106.57,9152.2
Sep 2013,0.4%,0.3%,,,4.07%,1.79%,7.78%,3.37%,1.92%,6.87%,15.86%,NaN,316.43,11445.9,,,3.5324,3.532,611.6337,1760,80.22,0.08,,,106.29,8751.5
Oct 2013,,,,,3.79%,1.39%,7.99%,3.17%,1.67%,6.41%,15.73%,NaN,316.66,11498,,,3.34375,3.344,613.85,1744,80.2,0.086,17192.019,3090.468,100.54,8943.5
Nov 2013,,,,,4.05%,2.00%,7.08%,3.20%,1.69%,6.23%,16.08%,NaN,316.88,11562.5,,,3.24275,3.243,606.9731,1756,80.68,0.085,,,93.86,9006
Dec 2013,0.5%,0.7%,,,3.88%,1.29%,7.43%,3.14%,1.60%,6.03%,15.84%,NaN,317.06,11593.2,,,3.2764,3.276,600.0179,1771,80.04,0.0875,,,97.63,8858.25
Jan 2014,,,,,4.37%,2.00%,6.92%,3.00%,1.40%,6.06%,15.61%,NaN,317.24,11578.8,63000,20206,3.3125,3.313,600.2467,1769,81.31,0.074,17197.738,3146.699,94.62,8278
Feb 2014,,,,,4.00%,1.81%,6.46%,3.09%,1.77%,6.00%,15.99%,NaN,317.41,11636.9,,,3.35625,3.356,602.1178,1769,79.69,0.065,,,100.82,8325.25
Mar 2014,0.3%,0.5%,0.3%,0.5%,3.81%,1.54%,6.39%,3.20%,1.55%,6.10%,16.99%,NaN,317.56,11722.3,,,3.5332,3.533,603.7125,1803,80.11,0.0775,,,100.8,8794
Apr 2014,,,,,3.77%,1.30%,6.63%,3.30%,1.79%,6.30%,16.70%, $ 56.85 ,317.73,11762.3,,,3.66075,3.661,606.262,1835,79.51,0.088,17518.508,3205.639,102.07,8683.75
May 2014,,,,,4.00%,1.46%,7.04%,3.17%,1.60%,6.00%,17.14%,,317.91,11807.3,,,3.67275,3.673,609.8572,1859,80.39,0.0875,,,102.18,9099.6
Jun 2014,0.8%,0.6%,,,3.90%,1.57%,7.62%,3.20%,1.76%,6.00%,17.52%,,318.11,11861.7,,,3.6916,3.692,611.1296,1861,79.78,0.095,,,105.79,8965.75
Jul 2014,,,,,3.87%,1.57%,7.35%,3.11%,1.70%,6.37%,17.28%,,318.3,11904.4,,,3.61125,3.611,612.9185,1876,81.46,0.092,17804.228,3259.64,103.59,8947.5
Aug 2014,,,,,3.46%,1.31%,6.41%,3.00%,1.58%,6.00%,17.24%, $ 59.80 ,318.54,11983.7,,,3.4865,3.487,614.7917,1904,82.74,0.09,,,96.54,9127.2
Sep 2014,0.7%,0.5%,,,3.46%,1.59%,6.30%,3.00%,1.57%,6.00%,16.96%,,318.77,11991.4,,,3.4062,3.406,617.2931,1930,85.93,0.0875,,,93.21,8689.75
Oct 2014,,,,,3.67%,1.46%,6.05%,3.00%,1.46%,6.00%,16.76%,,319.01,12064.7,,,3.1705,3.171,618.6183,1925,86.92,0.09,17912.079,3309.54,84.4,8910.6
Nov 2014,,,,,3.73%,1.59%,6.20%,3.02%,1.46%,6.00%,16.95%,,319.22,12083.9,,,2.91225,2.912,621.5981,1925,88.22,0.0925,,,75.79,9219.5
Dec 2014,0.6%,0.5%,,,3.62%,1.29%,6.00%,2.98%,1.00%,5.65%,17.18%, $ 58.54 ,319.41,12096.1,,,2.5426,2.543,623.014,1868,90.28,0.118,,,59.29,9263.5
Jan 2015,,,,,3.42%,1.38%,6.00%,2.93%,1.10%,5.42%,16.91%,,319.59,12066.7,71000,20571,2.11575,2.116,625.44,1651,94.85,0.12,18063.529,3358.417,47.22,8799.8
Feb 2015,,,,,3.00%,1.28%,6.00%,2.83%,1.20%,5.16%,16.89%,,319.73,12116.6,,,2.21625,2.216,626.4915,1348,95.25,0.1125,,,50.58,8659
Mar 2015,0.7%,0.6%,0.7%,0.6%,3.36%,1.31%,6.00%,2.88%,1.08%,4.95%,17.90%,,319.89,12176.1,,,2.4636,2.464,626.6718,1109,98.38,0.11,,,47.82,8957.25
Apr 2015,,,,,3.38%,1.35%,6.09%,2.73%,1.00%,5.00%,17.69%, $ 59.20 ,320.06,12209.1,,,2.469,2.469,632.1125,976,94.81,0.122,18279.784,3420.711,54.45,8907.25
May 2015,,,,,3.30%,1.29%,6.00%,2.96%,1.29%,4.91%,17.93%,,320.24,12275.4,,,2.71825,2.718,634.6614,889,96.89,0.1275,,,59.27,9191.8
Jun 2015,0.0%,0.6%,,,3.46%,1.60%,6.16%,3.00%,1.40%,5.76%,17.89%,,320.43,12307.9,,,2.8016,2.802,636.3812,861,95.53,0.1225,,,59.82,9540.5
Jul 2015,,,,,3.15%,1.20%,6.03%,2.96%,1.29%,5.73%,18.32%,,320.64,12364.9,,,2.7935,2.794,640.716,866,97.19,0.128,18401.626,3481.547,50.9,9542.2
Aug 2015,,,,,3.03%,1.00%,6.00%,2.79%,1.00%,5.19%,18.39%, $ 62.40 ,320.86,12396.2,,,2.6362,2.636,645.0483,883,95.93,0.1375,,,42.87,9504.5
Sep 2015,0.6%,0.6%,,,3.09%,1.28%,6.09%,2.73%,1.04%,4.71%,18.28%,,321.08,12386.4,,,2.36525,2.365,648.9832,848,96.28,0.134,,,45.48,9059
Oct 2015,,,,,3.05%,1.05%,6.00%,2.82%,1.03%,5.19%,18.27%,,321.31,12394.9,,,2.29,2.29,653.1706,791,96.92,0.1275,18435.137,3400.223,46.22,9155.8
Nov 2015,,,,,3.19%,1.00%,6.00%,2.55%,1.00%,4.73%,18.31%,,321.5,12423.2,,,2.158,2.158,655.6161,760,100.2,0.115,,,42.44,9161
Dec 2015,0.5%,0.7%,,,3.02%,1.00%,6.00%,2.54%,1.00%,4.73%,17.50%, $ 60.51 ,321.71,12452,,,2.0375,2.038,658.3655,711,98.69,0.224,,,37.19,9305
Jan 2016,,,,,3.00%,1.00%,5.62%,2.42%,1.00%,4.71%,18.05%,,321.86,12478,87000,22435,1.9485,1.949,664.1869,643,99.53,0.3425,18525.933,3465.422,31.68,8604
Feb 2016,,,,,3.08%,1.00%,6.00%,2.71%,1.00%,5.14%,18.10%,,322.04,12554.5,,,1.7636,1.764,664.4515,532,98.15,0.37,,,30.32,9255.5
Mar 2016,0.6%,0.5%,0.6%,0.5%,3.00%,1.00%,6.00%,2.53%,1.00%,4.49%,17.29%,,322.2,12537,,,1.96875,1.969,670.3601,477,94.63,0.364,,,37.55,9404
Apr 2016,,,,,3.10%,1.15%,6.00%,2.61%,1.06%,5.08%,17.67%, $ 64.28 ,322.37,12611.5,,,2.11275,2.113,674.8548,437,93.08,0.365,18711.702,3520.901,40.75,9423.6
May 2016,,,,,3.21%,1.01%,6.00%,2.62%,1.00%,5.00%,17.70%,,322.55,12652.7,,,2.2682,2.268,677.6094,407,95.8,0.3625,,,46.71,9661.25
Jun 2016,0.6%,0.5%,,,3.11%,1.29%,6.00%,2.54%,1.00%,4.89%,17.74%,,322.73,12731.2,,,2.3655,2.366,685.9615,417,95.96,0.376,,,48.76,9713.5
Jul 2016,,,,,3.30%,1.20%,6.00%,2.52%,1.00%,5.08%,18.11%,,322.94,12756.7,,,2.239,2.239,696.9276,449,95.52,0.3975,18892.639,3582.013,44.65,9752
Aug 2016,,,,,3.26%,1.22%,6.09%,2.79%,1.00%,5.28%,17.93%, $ 61.35 ,323.14,12788.1,,,2.1776,2.178,700.0796,481,95.99,0.39,,,44.72,9675.25
Sep 2016,0.5%,0.8%,,,3.14%,1.00%,6.00%,2.50%,1.00%,4.81%,17.96%,,323.35,12846.6,,,2.2185,2.219,702.9249,509,95.42,0.4,,,45.18,9384.2
Oct 2016,,,,,3.16%,1.05%,6.37%,2.59%,1.00%,5.11%,17.95%,,323.56,12867,,,2.2494,2.249,705.632,543,98.36,0.3925,19089.379,3636.436,49.78,9090.75
Nov 2016,,,,,3.08%,1.00%,6.00%,2.54%,1.00%,4.75%,17.79%,,323.74,12893,,,2.1815,2.182,707.6179,580,101.53,0.406,,,45.66,9169
Dec 2016,0.6%,0.5%,,,3.29%,1.11%,6.32%,2.81%,1.00%,5.19%,18.28%, $ 63.90 ,323.91,13005.9,,,2.25425,2.254,711.6244,634,102.21,0.535,,,51.97,8928.6
Jan 2017,,,,,3.26%,1.20%,6.58%,2.98%,1.00%,5.08%,17.65%,,324.08,13063.7,100000,21102,2.349,2.349,713.8578,683,99.55,0.645,19280.084,3685.787,52.5,8222
Feb 2017,,,,,3.05%,1.12%,6.00%,2.96%,1.00%,5.31%,17.70%,,324.21,13088.4,,,2.304,2.304,715.2475,744,101.36,0.6575,,,53.47,8680.75
Mar 2017,0.6%,0.7%,0.6%,0.7%,3.33%,1.45%,6.17%,2.74%,1.00%,4.71%,17.06%,,324.34,13139.9,,,2.325,2.325,716.9002,789,100.56,0.758,,,49.33,9298.2
Apr 2017,,,,,3.36%,1.63%,6.60%,2.79%,1.01%,4.85%,17.17%, $ 63.25 ,324.48,13169.2,,,2.41725,2.417,719.0817,853,99.04,0.9,19438.643,3727.037,51.06,9215
May 2017,,,,,3.48%,1.50%,6.21%,2.59%,1.00%,4.42%,17.08%,,324.64,13171.9,,,2.3914,2.391,720.3214,893,96.98,0.902,,,48.48,9596.5
Jun 2017,0.6%,0.5%,,,3.45%,1.64%,6.03%,2.54%,1.00%,4.00%,17.13%,,324.8,13225.2,,,2.3465,2.347,724.3865,931,95.63,1.035,,,45.18,9529
Jul 2017,,,,,3.20%,1.46%,6.03%,2.54%,1.00%,4.14%,17.24%,,324.99,13263.3,,,2.2998,2.3,728.5248,953,92.86,1.15,19692.595,3770.252,46.63,9760.25
Aug 2017,,,,,3.30%,1.60%,6.31%,2.49%,1.03%,4.00%,17.05%, $ 62.90 ,325.16,13294.6,,,2.83575,2.38,730.2925,947,92.67,1.158,,,48.04,9698.5
Sep 2017,0.8%,0.6%,,,3.02%,1.40%,6.00%,2.54%,1.08%,4.35%,18.31%,,325.34,13417.3,,,2.64525,2.645,736.1044,940,93.08,1.1575,,,49.82,9397.2
Oct 2017,,,,,3.02%,1.19%,6.00%,2.61%,1.03%,4.73%,18.48%,,325.51,13447.5,,,2.505,2.505,746.1236,922,94.55,1.15,20037.088,3830.752,51.58,9347.75
Nov 2017,,,,,3.29%,1.34%,6.00%,2.61%,1.00%,4.08%,18.00%,,325.66,13540.6,,,2.5635,2.564,759.8461,911,93.05,1.158,,,56.64,9246.75
Dec 2017,0.5%,0.7%,,,3.17%,1.38%,6.00%,2.82%,1.01%,4.81%,17.89%, $ 60.08 ,325.8,13666.1,,,2.47675,2.477,763.1885,930,92.12,1.285,,,57.88,9109.4
Jan 2018,,,,,3.46%,1.79%,6.00%,2.71%,1.22%,4.61%,17.18%,,325.93,13703.3,240000,20095,2.5546,2.555,767.869,937,89.13,1.408,20328.553,3876.982,63.7,8805.75
Feb 2018,,,,,3.33%,1.56%,6.00%,2.83%,1.29%,4.00%,17.45%,,326.03,13738.7,,,2.58725,2.587,768.4526,969,90.61,1.4175,,,62.23,9007.75
Mar 2018,0.8%,0.4%,0.8%,0.4%,3.48%,1.46%,6.00%,2.75%,1.26%,4.00%,17.66%,,326.14,13793.2,,,2.59125,2.591,769.987,989,90.15,1.4875,,,62.73,9330.6
Apr 2018,,,,,3.69%,1.68%,6.00%,2.98%,1.32%,4.75%,17.58%, $ 65.34 ,326.26,13838.4,,,2.757,2.757,785.9897,1011,91.84,1.69,20580.912,3901.094,66.25,9325.75
May 2018,,,,,3.66%,1.60%,6.18%,2.98%,1.29%,5.27%,17.83%,,326.39,13905,,,2.90075,2.901,788.6431,1046,93.99,1.7,,,69.98,9671
Jun 2018,0.7%,0.7%,,,3.92%,2.02%,6.75%,2.98%,1.29%,5.20%,17.74%,,326.53,13930.4,,,2.89075,2.891,792.7558,1056,94.64,1.805,,,67.87,9556.2
Jul 2018,,,,,3.73%,1.83%,6.38%,2.98%,1.19%,4.92%,17.63%,,326.69,13974.8,,,2.8486,2.849,792.7346,1050,94.49,1.91,20798.73,3955.511,70.98,9676.75
Aug 2018,,,,,3.57%,1.28%,6.30%,3.00%,1.28%,5.08%,17.56%, $ 62.57 ,326.85,14014,,,2.83575,2.836,795.4738,1050,95.14,1.914,,,68.06,9588.8
Sep 2018,0.8%,0.7%,,,3.56%,1.20%,6.12%,3.00%,1.30%,5.02%,17.78%,,327.01,14017.8,,,2.8355,2.836,798.6534,1053,95.13,1.9175,,,70.23,9318
Oct 2018,,,,,3.26%,1.00%,6.18%,3.00%,1.29%,5.08%,17.99%,,327.17,14083.1,,,2.86,2.86,801.7236,1063,97.13,2.186,20917.867,4007.042,70.75,9211.5
Nov 2018,,,,,3.05%,0.79%,6.00%,2.97%,1.19%,5.08%,18.06%,,327.31,14162.9,,,2.64725,2.647,806.1929,1077,97.27,2.1975,,,56.96,9108.2
Dec 2018,0.7%,0.7%,,,3.00%,1.00%,6.00%,3.00%,1.35%,5.10%,18.08%, $ 66.01 ,327.43,14051.6,,,2.3656,2.366,805.992,1077,96.17,2.245,,,49.52,9062.5
Jan 2019,,,,,3.00%,0.99%,6.00%,2.97%,1.29%,5.14%,16.91%,,327.54,14088.4,240000,22042,2.24775,2.248,808.4365,1065,95.58,2.4,21104.133,4053.036,51.38,8933
Feb 2019,,,,,3.00%,1.00%,5.81%,2.79%,1.20%,4.38%,16.95%,,327.64,14115.5,,,2.30925,2.309,812.658,1048,96.16,2.4,,,54.95,8875.5
Mar 2019,0.7%,0.7%,0.7%,0.7%,3.00%,1.00%,5.64%,2.82%,1.29%,4.58%,17.73%,,327.73,14240.1,,,2.551,2.516,815.4481,1023,97.28,2.4025,,,58.15,9173.2
Apr 2019,,,,,3.00%,1.00%,5.59%,2.60%,1.11%,4.04%,16.87%, $ 66.71 ,327.84,14278.3,,,2.7984,2.798,817.7553,1013,97.48,2.42,21384.775,4092.283,63.86,9465.75
May 2019,,,,,3.00%,1.01%,6.00%,2.45%,1.03%,4.00%,18.03%,,327.96,14340.8,,,2.85925,2.859,821.3461,986,97.75,2.398,,,60.83,9456.6
Jun 2019,0.5%,0.7%,,,3.00%,1.00%,5.94%,2.67%,1.04%,4.87%,17.82%,,328.1,14391.2,,,2.71575,2.716,824.2119,970,96.13,2.3775,,,54.66,9690.75
Jul 2019,,,,,3.00%,1.00%,6.00%,2.59%,1.00%,4.53%,17.73%,,328.24,14471.8,,,2.74,2.74,824.5595,955,98.52,2.402,21694.282,4144.083,57.35,9550
Aug 2019,,,,,2.91%,0.81%,5.83%,2.41%,1.00%,4.37%,17.86%, $ 66.94 ,328.41,14525.7,,,2.621,2.621,829.5727,926,98.92,2.125,,,54.81,9716
Sep 2019,0.8%,0.8%,,,2.78%,0.54%,5.09%,2.48%,1.00%,4.14%,17.75%,,328.58,14555.6,,,2.5922,2.592,831.0747,878,99.38,2.0875,,,56.95,9307.25
Oct 2019,,,,,2.91%,1.00%,5.76%,2.33%,1.00%,3.82%,17.09%,,328.74,14584,,,2.627,2.627,836.1508,848,97.35,1.838,21902.39,4192.191,53.96,9547
Nov 2019,,,,,3.00%,1.00%,6.00%,2.35%,1.00%,4.00%,17.59%,,328.89,14678.6,,,2.59775,2.598,840.0084,810,98.27,1.555,,,57.03,9178.8
Dec 2019,0.7%,0.6%,,,3.00%,1.00%,6.00%,2.53%,1.02%,4.50%,17.55%, $ 69.18 ,329.02,14741.3,,,2.555,2.555,841.755,804,96.39,1.5525,,,59.88,9139.25
Jan 2020,,,,,3.02%,1.20%,6.00%,2.50%,1.08%,4.32%,16.84%,,329.14,14815.7,230000,15617,2.54775,2.548,847.4971,791,97.39,1.548,21706.513,4207.205,57.52,8615.8
Feb 2020,,,,,3.05%,1.29%,5.94%,2.54%,1.17%,4.07%,17.03%,,329.24,14810.7,,,2.442,2.442,850.0937,790,98.13,1.5825,,,50.54,8965.25
Mar 2020,0.8%,0.7%,0.8%,0.7%,1.32%,-1.00%,4.00%,2.54%,0.23%,5.31%,11.74%,,329.34,13793,,,2.2342,2.234,855.3097,771,99.05,0.8725,,,29.21,8660.25
Apr 2020,,,,,0.00%,-3.00%,2.83%,2.62%,0.00%,6.00%,8.83%, $ 71.23 ,331.45,12228.3,,,1.8405,1.841,805.8527,565,99.02,0.056,19913.143,4133.888,16.55,5329.25
May 2020,,,,,0.63%,-1.91%,3.48%,3.00%,0.45%,6.41%,12.55%,,331.43,13251.4,,,1.8695,1.87,772.4541,348,98.34,0.05,,,28.56,7130.8
Jun 2020,0.4%,0.7%,,,2.00%,-0.19%,4.77%,2.68%,0.73%,5.69%,13.55%,,331.45,14027.1,,,2.0822,2.082,763.5013,274,97.39,0.0725,,,38.31,8234.75
Jul 2020,,,,,2.01%,0.00%,5.17%,2.89%,0.89%,6.00%,15.28%,,331.51,14285.1,,,2.18325,2.183,758.7847,255,93.35,0.088,21647.64,4161.626,40.71,8678
Aug 2020,,,,,2.82%,0.00%,6.00%,3.00%,1.00%,6.00%,15.87%, $ 69.29 ,331.59,14428.4,,,2.1824,2.182,754.1445,250,92.14,0.0975,,,42.34,8865
Sep 2020,0.6%,0.3%,,,3.05%,0.00%,6.00%,2.98%,1.00%,5.87%,16.77%,,331.66,14655,,,2.18275,2.183,751.5636,257,93.89,0.09,,,39.63,8478
Oct 2020,,,,,3.14%,0.92%,6.03%,2.84%,1.00%,6.00%,16.66%,,331.75,14702.5,,,2.158,2.158,750.9445,280,94.04,0.09,22024.502,4184.853,39.4,8528.4
Nov 2020,,,,,3.02%,0.50%,6.03%,2.96%,1.00%,5.94%,16.41%,,331.81,14675.8,,,2.1082,2.108,750.89,311,91.87,0.0875,,,40.94,8280.5
Dec 2020,0.8%,0.6%,,,3.62%,1.05%,6.60%,3.00%,1.28%,6.00%,17.05%, $ 68.41 ,331.82,14801.8,,,2.19525,2.195,749.4315,341,89.93,0.088,,,47.02,7931.25
Jan 2021,,,,,4.00%,1.27%,6.75%,3.05%,1.56%,6.75%,16.63%,,331.78,15047.3,470000,10582,2.33425,2.334,746.9079,374,90.58,0.0875,22600.185,4226.82,52,7737.6
Feb 2021,,,,,4.00%,1.20%,7.75%,3.09%,1.55%,6.15%,16.08%,,331.72,14948.2,,,2.501,2.501,745.2569,397,90.88,0.075,,,59.04,7904.75
Mar 2021,1.0%,0.5%,1.0%,0.5%,4.82%,1.85%,8.72%,3.24%,1.85%,6.28%,18.29%,,331.73,15657.6,,,2.8104,2.81,744.7102,408,93.23,0.07,,,62.33,8668.75
Apr 2021,,,,,5.49%,2.23%,9.50%,3.36%,1.99%,6.24%,18.50%, $ 72.34 ,331.79,15854.1,,,2.85825,2.858,738.1334,436,91.28,0.07,23292.362,4418.375,61.72,8914
May 2021,,,,,6.22%,3.00%,10.00%,4.00%,2.35%,8.20%,17.57%,,331.86,15890,,,2.9852,2.985,746.7971,453,90.03,0.06,,,65.17,9162.25
Jun 2021,0.7%,0.7%,,,6.16%,2.37%,10.00%,4.80%,2.46%,8.53%,16.00%,,331.93,16108.5,,,3.06375,3.064,755.3753,464,92.44,0.074,,,71.38,9113.25
Jul 2021,,,,,6.00%,2.01%,10.27%,4.84%,2.51%,8.45%,15.31%,,332.03,16150.8,,,3.136,3.136,762.0807,483,92.17,0.1,23828.973,4477.852,72.49,9544.2
Aug 2021,,,,,5.94%,1.42%,10.00%,5.18%,2.72%,8.73%,13.75%, $ 71.54 ,332.18,16305.6,,,3.1578,3.158,769.1332,501,92.63,0.095,,,67.73,9478.25
Sep 2021,1.5%,0.5%,,,5.53%,1.00%,9.66%,5.31%,2.67%,8.71%,12.75%,,332.29,16398.9,,,3.175,3.175,773.0604,508,94.23,0.08,,,71.65,9198.75
Oct 2021,,,,,5.62%,1.30%,9.90%,5.65%,2.64%,9.27%,13.25%,,332.49,16613.8,,,3.2905,3.291,781.9273,538,94.12,0.08,24654.603,4548.536,81.48,9414.8
Nov 2021,,,,,4.97%,1.02%,9.24%,6.00%,3.02%,9.73%,13.55%,,332.59,16741.6,,,3.3948,3.395,791.715,560,95.99,0.08,,,79.15,9157.5
Dec 2021,1.2%,0.8%,,,5.53%,1.23%,9.42%,5.99%,3.00%,9.28%,13.24%, $ 70.01 ,332.66,16799.2,,,3.3065,3.307,802.7781,579,95.97,0.08,,,71.71,9063.4
Jan 2022,,,,,6.00%,1.69%,9.67%,5.79%,2.62%,9.30%,14.80%,,332.67,16888.6,800000,11655,3.3146,3.315,810.5539,601,96.54,0.08,25029.116,4636.41,83.22,8215.25
Feb 2022,,,,,5.72%,1.57%,9.41%,6.00%,3.01%,9.66%,14.11%,,332.74,16999.7,,,3.51725,3.517,818.8448,636,96.71,0.08,,,91.64,8774
Mar 2022,1.4%,1.1%,1.4%,1.1%,6.00%,1.98%,9.96%,6.58%,3.26%,10.00%,14.05%,,332.87,17203.6,,,4.22175,4.222,835.5297,662,98.31,0.18,,,108.5,8760.5
Apr 2022,,,,,6.00%,2.14%,10.00%,6.35%,3.58%,9.75%,14.49%, $ 71.37 ,333,17310.5,,,4.1085,4.109,851.8307,690,102.96,0.33,25544.273,4724.933,101.78,8752.2
May 2022,,,,,5.78%,1.00%,9.88%,6.58%,3.58%,10.00%,13.40%,,333.13,17384.8,,,4.4436,4.444,863.0345,719,101.75,0.705,,,109.55,8876
Jun 2022,1.3%,0.9%,,,4.38%,-0.12%,9.27%,6.78%,3.55%,10.12%,13.75%,,333.29,17550,,,4.929,4.929,877.4796,738,104.69,1.13,,,114.84,8929.75
Jul 2022,,,,,3.46%,-1.00%,8.00%,6.22%,3.00%,10.00%,13.97%,,333.46,17556.4,,,4.55925,4.559,892.769,757,105.9,1.58,25994.639,4806.343,101.62,8756.4
Aug 2022,,,,,2.09%,-1.20%,7.04%,5.75%,2.01%,9.28%,14.01%, $ 75.96 ,333.64,17692.2,,,3.975,3.975,903.144,764,108.7,2.33,,,93.67,8874
Sep 2022,1.1%,1.7%,,,2.00%,-2.07%,6.38%,5.44%,1.83%,9.10%,14.19%,,333.81,17804,,,3.70025,3.7,914.6263,762,112.12,2.5175,,,84.36,8766.6
Oct 2022,,,,,2.00%,-2.45%,6.92%,5.94%,2.44%,9.57%,15.16%,,333.97,17915.1,,,3.8335,3.815,924.9254,768,111.53,3.08,26408.405,4893.393,87.55,8636
Nov 2022,,,,,1.03%,-2.67%,6.00%,5.23%,2.00%,9.00%,14.79%,,334.11,17892.5,,,3.685,3.685,931.6416,779,105.95,3.68,,,84.37,8599.25
Dec 2022,1.1%,1.1%,,,1.28%,-2.58%,6.05%,4.99%,1.79%,8.00%,14.05%, $ 80.21 ,334.23,17943.6,,,3.21,3.21,936.9333,780,103.52,4.08,,,76.44,8433.6
Jan 2023,,,,,1.11%,-3.00%,6.00%,4.95%,2.00%,8.04%,15.61%,,334.33,18229.6,NaN,NaN,3.3392,3.339,948.7643,772,102.1,4.33,26813.601,4945.833,78.12,8061.25
Feb 2023,,,,,1.39%,-1.83%,5.70%,4.23%,1.61%,7.35%,15.38%,,334.44,18296.5,,,3.38875,3.389,957.5518,758,104.87,4.5175,,,76.83,8681
Mar 2023,1.2%,1.1%,1.2%,1.1%,1.84%,-1.49%,5.73%,4.75%,1.83%,7.77%,15.44%,,334.57,18282.6,,,3.422,3.422,968.3833,752,102.51,4.626,,,73.28,8911.2
Apr 2023,,,,,2.52%,-0.68%,6.00%,4.45%,1.53%,7.13%,16.21%, $ 78.78 ,334.69,18363.8,,,3.603,3.603,977.9455,752,101.66,4.83,27063.012,4974.301,79.45,8896
May 2023,,,,,2.64%,-0.78%,6.00%,4.07%,1.69%,7.81%,16.08%,,334.69,18407.8,,,3.5548,3.555,985.7359,728,104.33,5.03,,,71.58,9186.5
Jun 2023,1.0%,1.0%,,,2.93%,0.00%,6.00%,3.83%,1.63%,6.78%,16.60%,,334.83,18485.4,,,3.571,3.571,991.9996,687,102.91,5.0775,,,70.25,9338.2
Jul 2023,,,,,2.82%,0.00%,6.36%,3.55%,1.39%,6.00%,16.44%,,334.99,18634.9,,,3.597,3.597,996.7938,672,101.86,5.08,27623.543,,76.07,8847
Aug 2023,,,,,3.08%,0.00%,6.52%,3.63%,1.50%,6.97%,15.90%, $ 79.71 ,335.16,18714.7,,,3.83975,3.84,1005.1637,647,103.62,5.33,,,81.39,9032.75
Sep 2023,,,,,3.00%,0.00%,6.54%,3.67%,1.90%,6.41%,16.23%,,335.34,18853.4,,,3.836,3.836,1013.1825,NaN,106.22,5.33,,,89.43,8534.2